Plan Name,Members Covered,Age Band (eldest member),Sum Assured (Rs.),Annual Premium (Rs.) excl GST
Essential,1 Adult,18-35,3 lakh,"4,200"
Essential,1 Adult,18-35,5 lakh,"5,600"
Essential,1 Adult,18-35,10 lakh,"7,900"
Essential,1 Adult,18-35,25 lakh,"11,800"
Essential,1 Adult,36-45,3 lakh,"5,300"
Essential,1 Adult,36-45,5 lakh,"7,100"
Essential,1 Adult,36-45,10 lakh,"9,900"
Essential,1 Adult,36-45,25 lakh,"14,600"
Essential,1 Adult,46-55,3 lakh,"8,400"
Essential,1 Adult,46-55,5 lakh,"11,200"
Essential,1 Adult,46-55,10 lakh,"15,600"
Essential,1 Adult,46-55,25 lakh,"22,900"
Essential,1 Adult,56-60,3 lakh,"11,900"
Essential,1 Adult,56-60,5 lakh,"15,800"
Essential,1 Adult,56-60,10 lakh,"21,700"
Essential,1 Adult,56-60,25 lakh,"31,500"
Family Floater,2 Adults,18-35,5 lakh,"9,800"
Family Floater,2 Adults,18-35,10 lakh,"13,600"
Family Floater,2 Adults,18-35,25 lakh,"19,900"
Family Floater,2 Adults,18-35,50 lakh,"26,400"
Family Floater,2 Adults + 2 Children,18-35,5 lakh,"11,900"
Family Floater,2 Adults + 2 Children,18-35,10 lakh,"16,400"
Family Floater,2 Adults + 2 Children,18-35,25 lakh,"23,800"
Family Floater,2 Adults + 2 Children,18-35,50 lakh,"31,600"
Family Floater,2 Adults,36-45,5 lakh,"12,900"
Family Floater,2 Adults,36-45,10 lakh,"17,800"
Family Floater,2 Adults,36-45,25 lakh,"25,600"
Family Floater,2 Adults,36-45,50 lakh,"33,700"
Family Floater,2 Adults + 2 Children,36-45,5 lakh,"15,600"
Family Floater,2 Adults + 2 Children,36-45,10 lakh,"21,400"
Family Floater,2 Adults + 2 Children,36-45,25 lakh,"30,900"
Family Floater,2 Adults + 2 Children,36-45,50 lakh,"40,800"
Family Floater,2 Adults,46-60,5 lakh,"21,300"
Family Floater,2 Adults,46-60,10 lakh,"29,400"
Family Floater,2 Adults,46-60,25 lakh,"42,200"
Family Floater,2 Adults,46-60,50 lakh,"55,600"
Senior Care,1 Adult,60-65,3 lakh,"18,900"
Senior Care,1 Adult,60-65,5 lakh,"24,600"
Senior Care,1 Adult,60-65,10 lakh,"34,800"
Senior Care,1 Adult,66-70,3 lakh,"23,700"
Senior Care,1 Adult,66-70,5 lakh,"30,900"
Senior Care,1 Adult,66-70,10 lakh,"43,600"
Senior Care,1 Adult,71-75,3 lakh,"29,400"
Senior Care,1 Adult,71-75,5 lakh,"38,200"
Senior Care,1 Adult,71-75,10 lakh,"53,900"
Senior Care,1 Adult,66-70,5 lakh,"30,900"
